-- MySQL dump 10.13  Distrib 5.7.23, for Linux (x86_64)
--
-- Host: localhost    Database: db_ppfe
-- ------------------------------------------------------
-- Server version	5.7.23-0ubuntu0.16.04.1

/*!40101 SET @OLD_CHARACTER_SET_CLIENT=@@CHARACTER_SET_CLIENT */;
/*!40101 SET @OLD_CHARACTER_SET_RESULTS=@@CHARACTER_SET_RESULTS */;
/*!40101 SET @OLD_COLLATION_CONNECTION=@@COLLATION_CONNECTION */;
/*!40101 SET NAMES utf8 */;
/*!40103 SET @OLD_TIME_ZONE=@@TIME_ZONE */;
/*!40103 SET TIME_ZONE='+00:00' */;
/*!40014 SET @OLD_UNIQUE_CHECKS=@@UNIQUE_CHECKS, UNIQUE_CHECKS=0 */;
/*!40014 SET @OLD_FOREIGN_KEY_CHECKS=@@FOREIGN_KEY_CHECKS, FOREIGN_KEY_CHECKS=0 */;
/*!40101 SET @OLD_SQL_MODE=@@SQL_MODE, SQL_MODE='NO_AUTO_VALUE_ON_ZERO' */;
/*!40111 SET @OLD_SQL_NOTES=@@SQL_NOTES, SQL_NOTES=0 */;

--
-- Table structure for table `Purchase`
--

DROP TABLE IF EXISTS `Purchase`;
/*!40101 SET @saved_cs_client     = @@character_set_client */;
/*!40101 SET character_set_client = utf8 */;
CREATE TABLE `Purchase` (
  `id` int(11) NOT NULL AUTO_INCREMENT,
  `date_day` date NOT NULL,
  `count_total` int(11) NOT NULL,
  `id_voucher` int(11) NOT NULL,
  PRIMARY KEY (`id`),
  KEY `id_voucher` (`id_voucher`),
  CONSTRAINT `Purchase_ibfk_1` FOREIGN KEY (`id_voucher`) REFERENCES `Voucher_type` (`id`)
) ENGINE=InnoDB AUTO_INCREMENT=313 DEFAULT CHARSET=utf8;
/*!40101 SET character_set_client = @saved_cs_client */;

--
-- Dumping data for table `Purchase`
--

LOCK TABLES `Purchase` WRITE;
/*!40000 ALTER TABLE `Purchase` DISABLE KEYS */;
INSERT INTO `Purchase` VALUES (22,'2018-08-01',75,1),(23,'2018-08-01',124,2),(24,'2018-08-02',478,1),(25,'2018-08-02',47,2),(27,'2018-08-03',178,1),(28,'2018-08-03',48,2),(33,'2018-08-05',200,1),(34,'2018-08-05',141,2),(35,'2018-08-06',147,1),(36,'2018-08-06',15,2),(37,'2018-08-07',3,1),(38,'2018-08-07',238,2),(39,'2018-08-08',163,1),(40,'2018-08-08',97,2),(41,'2018-08-09',157,1),(42,'2018-08-09',1,2),(44,'2018-08-10',41,1),(45,'2018-08-10',327,2),(48,'2018-08-01',105,3),(49,'2018-08-01',159,4),(50,'2018-08-01',16,5),(51,'2018-08-01',193,6),(52,'2018-08-02',100,3),(53,'2018-08-02',160,4),(54,'2018-08-02',156,5),(55,'2018-08-02',200,6),(56,'2018-08-03',268,3),(57,'2018-08-03',168,4),(58,'2018-08-03',32,5),(59,'2018-08-03',156,6),(60,'2018-08-05',200,3),(61,'2018-08-05',38,4),(62,'2018-08-05',189,5),(63,'2018-08-05',1,6),(64,'2018-08-06',185,3),(65,'2018-08-06',169,4),(66,'2018-08-06',236,5),(67,'2018-08-06',78,6),(68,'2018-08-07',189,3),(69,'2018-08-07',207,4),(70,'2018-08-07',389,5),(71,'2018-08-07',89,6),(72,'2018-08-08',190,3),(73,'2018-08-08',208,4),(74,'2018-08-08',451,5),(75,'2018-08-08',145,6),(76,'2018-08-09',222,3),(77,'2018-08-09',345,4),(78,'2018-08-09',401,5),(79,'2018-08-09',165,6),(80,'2018-08-10',142,3),(81,'2018-08-10',111,4),(82,'2018-08-10',14,5),(83,'2018-08-10',200,6),(84,'2018-08-13',150,3),(85,'2018-08-13',156,4),(86,'2018-08-13',15,5),(87,'2018-08-13',15,6),(88,'2018-08-13',58,1),(89,'2018-08-13',330,2),(90,'2018-08-12',60,1),(91,'2018-08-12',224,2),(92,'2018-08-12',148,3),(93,'2018-08-12',254,4),(94,'2018-08-12',123,5),(95,'2018-08-12',198,6),(96,'2018-08-14',154,1),(97,'2018-08-14',248,2),(98,'2018-08-14',100,3),(99,'2018-08-14',158,4),(100,'2018-08-14',169,5),(101,'2018-08-14',147,6),(102,'2018-08-15',218,1),(103,'2018-08-15',139,2),(104,'2018-08-15',169,3),(105,'2018-08-15',100,4),(106,'2018-08-15',201,5),(107,'2018-08-15',11,6),(108,'2018-08-16',156,1),(109,'2018-08-16',296,2),(110,'2018-08-16',178,3),(111,'2018-08-16',3,4),(112,'2018-08-16',201,5),(113,'2018-08-16',99,6),(114,'2018-08-17',201,1),(115,'2018-08-17',147,2),(116,'2018-08-17',236,3),(117,'2018-08-17',77,4),(118,'2018-08-17',191,5),(119,'2018-08-17',15,6),(120,'2018-08-18',210,1),(121,'2018-08-18',150,2),(122,'2018-08-18',239,3),(123,'2018-08-18',78,4),(124,'2018-08-18',347,5),(125,'2018-08-18',111,6),(126,'2018-08-19',211,1),(127,'2018-08-19',159,2),(128,'2018-08-19',244,3),(129,'2018-08-19',156,4),(130,'2018-08-19',396,5),(131,'2018-08-19',125,6),(132,'2018-08-20',157,1),(133,'2018-08-20',2,2),(134,'2018-08-20',296,3),(135,'2018-08-20',150,4),(136,'2018-08-20',347,5),(137,'2018-08-20',129,6),(138,'2018-08-21',160,1),(139,'2018-08-21',153,2),(140,'2018-08-21',304,3),(141,'2018-08-21',9,4),(142,'2018-08-21',300,5),(143,'2018-08-21',131,6),(144,'2018-08-22',142,1),(145,'2018-08-22',190,2),(146,'2018-08-22',149,3),(147,'2018-08-22',88,4),(148,'2018-08-22',209,5),(149,'2018-08-22',147,6),(150,'2018-08-23',48,1),(151,'2018-08-23',200,2),(152,'2018-08-23',150,3),(153,'2018-08-23',235,4),(154,'2018-08-23',99,5),(155,'2018-08-23',123,6),(156,'2018-08-24',177,1),(157,'2018-08-24',154,2),(158,'2018-08-24',2,3),(159,'2018-08-24',237,4),(160,'2018-08-24',123,5),(161,'2018-08-24',157,6),(162,'2018-08-25',180,1),(163,'2018-08-25',155,2),(164,'2018-08-25',50,3),(165,'2018-08-25',240,4),(166,'2018-08-25',130,5),(167,'2018-08-25',160,6),(168,'2018-08-26',185,1),(169,'2018-08-26',160,2),(170,'2018-08-26',56,3),(171,'2018-08-26',245,4),(172,'2018-08-26',137,5),(173,'2018-08-26',168,6),(174,'2018-08-27',180,1),(175,'2018-08-27',169,2),(176,'2018-08-27',100,3),(177,'2018-08-27',123,4),(178,'2018-08-27',100,5),(179,'2018-08-27',190,6),(180,'2018-08-28',122,1),(181,'2018-08-28',179,2),(182,'2018-08-28',18,3),(183,'2018-08-28',139,4),(184,'2018-08-28',265,5),(185,'2018-08-28',74,6),(186,'2018-08-29',158,1),(187,'2018-08-29',199,2),(188,'2018-08-29',154,3),(189,'2018-08-29',100,4),(190,'2018-08-29',235,5),(191,'2018-08-29',198,6),(192,'2018-08-30',160,1),(193,'2018-08-30',154,2),(194,'2018-08-30',258,3),(195,'2018-08-30',145,4),(196,'2018-08-30',63,5),(197,'2018-08-30',199,6),(198,'2018-08-31',57,1),(199,'2018-08-31',166,2),(200,'2018-08-31',201,3),(201,'2018-08-31',159,4),(202,'2018-08-31',88,5),(203,'2018-08-31',69,6),(204,'2018-09-01',89,1),(205,'2018-09-01',178,2),(206,'2018-09-01',256,3),(207,'2018-09-01',101,4),(208,'2018-09-01',100,5),(209,'2018-09-01',123,6),(210,'2018-09-02',147,1),(211,'2018-09-02',200,2),(212,'2018-09-02',268,3),(213,'2018-09-02',108,4),(214,'2018-09-02',124,5),(215,'2018-09-02',147,6),(216,'2018-09-03',156,1),(217,'2018-09-03',147,2),(218,'2018-09-03',211,3),(219,'2018-09-03',111,4),(220,'2018-09-03',69,5),(221,'2018-09-03',157,6),(229,'2018-09-04',160,1),(230,'2018-09-04',78,2),(231,'2018-09-04',155,3),(232,'2018-09-04',158,4),(233,'2018-09-04',88,5),(234,'2018-09-04',169,6),(235,'2018-09-05',169,1),(236,'2018-09-05',100,2),(237,'2018-09-05',47,3),(238,'2018-09-05',201,4),(239,'2018-09-05',149,5),(240,'2018-09-05',239,6),(241,'2018-09-06',187,1),(242,'2018-09-06',123,2),(243,'2018-09-06',59,3),(244,'2018-09-06',99,4),(245,'2018-09-06',133,5),(246,'2018-09-06',222,6),(247,'2018-09-07',197,1),(248,'2018-09-07',158,2),(249,'2018-09-07',147,3),(250,'2018-09-07',105,4),(251,'2018-09-07',66,5),(252,'2018-09-07',111,6),(253,'2018-09-08',200,1),(254,'2018-09-08',159,2),(255,'2018-09-08',148,3),(256,'2018-09-08',106,4),(257,'2018-09-08',69,5),(258,'2018-09-08',123,6),(259,'2018-09-09',202,1),(260,'2018-09-09',160,2),(261,'2018-09-09',155,3),(262,'2018-09-09',111,4),(263,'2018-09-09',78,5),(264,'2018-09-09',137,6),(265,'2018-09-10',155,1),(266,'2018-09-10',147,2),(267,'2018-09-10',169,3),(268,'2018-09-10',88,4),(269,'2018-09-10',100,5),(270,'2018-09-10',647,6),(271,'2018-09-11',173,1),(272,'2018-09-11',100,2),(273,'2018-09-11',200,3),(274,'2018-09-11',123,4),(275,'2018-09-11',298,5),(276,'2018-09-11',250,6),(277,'2018-09-12',199,1),(278,'2018-09-12',123,2),(279,'2018-09-12',166,3),(280,'2018-09-12',205,4),(281,'2018-09-12',58,5),(282,'2018-09-12',127,6),(283,'2018-09-13',156,1),(284,'2018-09-13',203,2),(285,'2018-09-13',178,3),(286,'2018-09-13',111,4),(287,'2018-09-13',100,5),(288,'2018-09-13',139,6),(289,'2018-09-14',198,1),(290,'2018-09-14',99,2),(291,'2018-09-14',145,3),(292,'2018-09-14',128,4),(293,'2018-09-14',197,5),(294,'2018-09-14',200,6),(295,'2018-09-15',200,1),(296,'2018-09-15',105,2),(297,'2018-09-15',158,3),(298,'2018-09-15',135,4),(299,'2018-09-15',201,5),(300,'2018-09-15',209,6),(301,'2018-09-16',205,1),(302,'2018-09-16',110,2),(303,'2018-09-16',167,3),(304,'2018-09-16',147,4),(305,'2018-09-16',207,5),(306,'2018-09-16',222,6),(307,'2018-09-17',196,1),(308,'2018-09-17',99,2),(309,'2018-09-17',12,3),(310,'2018-09-17',155,4),(311,'2018-09-17',144,5),(312,'2018-09-17',256,6);
/*!40000 ALTER TABLE `Purchase` ENABLE KEYS */;
UNLOCK TABLES;

--
-- Table structure for table `User`
--

DROP TABLE IF EXISTS `User`;
/*!40101 SET @saved_cs_client     = @@character_set_client */;
/*!40101 SET character_set_client = utf8 */;
CREATE TABLE `User` (
  `username` varchar(45) NOT NULL,
  `password` varchar(64) NOT NULL,
  PRIMARY KEY (`username`)
) ENGINE=InnoDB DEFAULT CHARSET=utf8;
/*!40101 SET character_set_client = @saved_cs_client */;

--
-- Dumping data for table `User`
--

LOCK TABLES `User` WRITE;
/*!40000 ALTER TABLE `User` DISABLE KEYS */;
INSERT INTO `User` VALUES ('admin','8c6976e5b5410415bde908bd4dee15dfb167a9c873fc4bb8a81f6f2ab448a918');
/*!40000 ALTER TABLE `User` ENABLE KEYS */;
UNLOCK TABLES;

--
-- Table structure for table `Voucher_type`
--

DROP TABLE IF EXISTS `Voucher_type`;
/*!40101 SET @saved_cs_client     = @@character_set_client */;
/*!40101 SET character_set_client = utf8 */;
CREATE TABLE `Voucher_type` (
  `id` int(11) NOT NULL AUTO_INCREMENT,
  `description` varchar(60) NOT NULL,
  PRIMARY KEY (`id`)
) ENGINE=InnoDB AUTO_INCREMENT=7 DEFAULT CHARSET=utf8;
/*!40101 SET character_set_client = @saved_cs_client */;

--
-- Dumping data for table `Voucher_type`
--

LOCK TABLES `Voucher_type` WRITE;
/*!40000 ALTER TABLE `Voucher_type` DISABLE KEYS */;
INSERT INTO `Voucher_type` VALUES (1,'R10 AirTime'),(2,'R25 AirTime'),(3,'R50 AirTime'),(4,'R100 AirTime'),(5,'R150 AirTime'),(6,'R200 AirTime');
/*!40000 ALTER TABLE `Voucher_type` ENABLE KEYS */;
UNLOCK TABLES;

--
-- Table structure for table `Warning`
--

DROP TABLE IF EXISTS `Warning`;
/*!40101 SET @saved_cs_client     = @@character_set_client */;
/*!40101 SET character_set_client = utf8 */;
CREATE TABLE `Warning` (
  `id` int(11) NOT NULL AUTO_INCREMENT,
  `priority` varchar(60) NOT NULL,
  `count_difference` int(11) NOT NULL,
  `id_purchase` int(11) NOT NULL,
  `date_day` date DEFAULT NULL,
  PRIMARY KEY (`id`),
  KEY `id_purchase` (`id_purchase`),
  CONSTRAINT `Warning_ibfk_1` FOREIGN KEY (`id_purchase`) REFERENCES `Purchase` (`id`)
) ENGINE=InnoDB AUTO_INCREMENT=300 DEFAULT CHARSET=utf8;
/*!40101 SET character_set_client = @saved_cs_client */;

--
-- Dumping data for table `Warning`
--

LOCK TABLES `Warning` WRITE;
/*!40000 ALTER TABLE `Warning` DISABLE KEYS */;
INSERT INTO `Warning` VALUES (203,'high',-300,27,'2018-08-03'),(204,'medium',-53,35,'2018-08-06'),(205,'high',-144,37,'2018-08-07'),(206,'low',-6,41,'2018-08-09'),(207,'high',-116,44,'2018-08-10'),(208,'medium',-77,25,'2018-08-02'),(209,'high',-126,36,'2018-08-06'),(210,'high',-141,40,'2018-08-08'),(211,'medium',-96,42,'2018-08-09'),(212,'medium',-68,60,'2018-08-05'),(213,'low',-15,64,'2018-08-06'),(214,'medium',-80,80,'2018-08-10'),(215,'high',-130,61,'2018-08-05'),(216,'high',-234,81,'2018-08-10'),(217,'high',-124,58,'2018-08-03'),(218,'medium',-50,78,'2018-08-09'),(219,'high',-166,82,'2018-08-10'),(220,'low',-44,59,'2018-08-03'),(221,'high',-155,63,'2018-08-05'),(231,'medium',-68,85,'2018-08-13'),(232,'high',-133,86,'2018-08-13'),(233,'high',-239,87,'2018-08-13'),(234,'medium',-65,88,'2018-08-13'),(235,'high',-183,101,'2018-08-14'),(236,'high',-109,103,'2018-08-15'),(237,'medium',-58,105,'2018-08-15'),(238,'high',-136,107,'2018-08-15'),(242,'medium',-62,108,'2018-08-16'),(243,'medium',-97,111,'2018-08-16'),(244,'high',-149,115,'2018-08-17'),(245,'low',-10,118,'2018-08-17'),(246,'medium',-84,119,'2018-08-17'),(247,'medium',-54,132,'2018-08-20'),(248,'high',-157,133,'2018-08-20'),(249,'low',-6,135,'2018-08-20'),(250,'low',-49,136,'2018-08-20'),(251,'high',-141,141,'2018-08-21'),(252,'low',-47,142,'2018-08-21'),(253,'low',-18,144,'2018-08-22'),(254,'high',-155,146,'2018-08-22'),(255,'medium',-91,148,'2018-08-22'),(256,'medium',-94,150,'2018-08-23'),(257,'high',-110,154,'2018-08-23'),(258,'low',-24,155,'2018-08-23'),(259,'low',-46,157,'2018-08-24'),(260,'high',-148,158,'2018-08-24'),(261,'low',-5,174,'2018-08-27'),(262,'high',-122,177,'2018-08-27'),(263,'low',-37,178,'2018-08-27'),(264,'medium',-58,180,'2018-08-28'),(265,'medium',-82,182,'2018-08-28'),(266,'high',-116,185,'2018-08-28'),(267,'low',-39,189,'2018-08-29'),(268,'low',-30,190,'2018-08-29'),(269,'low',-45,193,'2018-08-30'),(270,'high',-172,196,'2018-08-30'),(271,'high',-103,198,'2018-08-31'),(272,'medium',-57,200,'2018-08-31'),(273,'high',-130,203,'2018-08-31'),(274,'medium',-58,207,'2018-09-01'),(275,'medium',-53,217,'2018-09-03'),(276,'medium',-57,218,'2018-09-03'),(277,'medium',-55,220,'2018-09-03'),(278,'medium',-69,230,'2018-09-04'),(279,'medium',-56,231,'2018-09-04'),(280,'high',-108,237,'2018-09-05'),(281,'high',-102,244,'2018-09-06'),(282,'low',-16,245,'2018-09-06'),(283,'low',-17,246,'2018-09-06'),(284,'medium',-67,251,'2018-09-07'),(285,'high',-111,252,'2018-09-07'),(286,'low',-47,265,'2018-09-10'),(287,'medium',-61,266,'2018-09-10'),(288,'low',-23,268,'2018-09-10'),(289,'low',-47,272,'2018-09-11'),(290,'high',-397,276,'2018-09-11'),(291,'low',-34,279,'2018-09-12'),(292,'high',-240,281,'2018-09-12'),(293,'high',-123,282,'2018-09-12'),(294,'low',-43,283,'2018-09-13'),(295,'medium',-94,286,'2018-09-13'),(296,'low',-9,307,'2018-09-17'),(297,'low',-11,308,'2018-09-17'),(298,'high',-155,309,'2018-09-17'),(299,'medium',-63,311,'2018-09-17');
/*!40000 ALTER TABLE `Warning` ENABLE KEYS */;
UNLOCK TABLES;
/*!40103 SET TIME_ZONE=@OLD_TIME_ZONE */;

/*!40101 SET SQL_MODE=@OLD_SQL_MODE */;
/*!40014 SET FOREIGN_KEY_CHECKS=@OLD_FOREIGN_KEY_CHECKS */;
/*!40014 SET UNIQUE_CHECKS=@OLD_UNIQUE_CHECKS */;
/*!40101 SET CHARACTER_SET_CLIENT=@OLD_CHARACTER_SET_CLIENT */;
/*!40101 SET CHARACTER_SET_RESULTS=@OLD_CHARACTER_SET_RESULTS */;
/*!40101 SET COLLATION_CONNECTION=@OLD_COLLATION_CONNECTION */;
/*!40111 SET SQL_NOTES=@OLD_SQL_NOTES */;

-- Dump completed on 2018-09-17  9:25:27
